"Archivo","Title","ALT","Caption","Descripcion"
"images/cuatrimotos/ruta-cuatrimotos-centro-apaneca.jpg","Ruta Cuatrimotos Centro Apaneca","Ruta Cuatrimotos Centro Apaneca para Ratatouille Xtreme Tours.","Ruta Cuatrimotos Centro Apaneca en Apaneca, El Salvador.","Fotografia optimizada de Ruta Cuatrimotos Centro Apaneca, organizada como cuatrimotos y ATV para uso SEO."
"images/laguna-verde/familia-utv-laguna-verde-apaneca.jpg","Familia UTV Laguna Verde Apaneca","Familia UTV Laguna Verde Apaneca para Ratatouille Xtreme Tours.","Familia UTV Laguna Verde Apaneca en Apaneca, El Salvador.","Fotografia optimizada de Familia UTV Laguna Verde Apaneca, organizada como Laguna Verde para uso SEO."
"images/cuatrimotos/cuatrimotos-ratatouille-centro-apaneca.jpg","Cuatrimotos Ratatouille Centro Apaneca","Cuatrimotos Ratatouille Centro Apaneca para Ratatouille Xtreme Tours.","Cuatrimotos Ratatouille Centro Apaneca en Apaneca, El Salvador.","Fotografia optimizada de Cuatrimotos Ratatouille Centro Apaneca, organizada como cuatrimotos y ATV para uso SEO."
"images/clientes/cliente-barista-ratatouille-cafe-apaneca.jpg","Cliente Barista Ratatouille Cafe Apaneca","Cliente Barista Ratatouille Cafe Apaneca para Ratatouille Xtreme Tours.","Cliente Barista Ratatouille Cafe Apaneca en Apaneca, El Salvador.","Fotografia optimizada de Cliente Barista Ratatouille Cafe Apaneca, organizada como clientes y experiencias para uso SEO."
"images/clientes/clientes-patio-ratatouille-cafe-apaneca.jpg","Clientes Patio Ratatouille Cafe Apaneca","Clientes Patio Ratatouille Cafe Apaneca para Ratatouille Xtreme Tours.","Clientes Patio Ratatouille Cafe Apaneca en Apaneca, El Salvador.","Fotografia optimizada de Clientes Patio Ratatouille Cafe Apaneca, organizada como clientes y experiencias para uso SEO."
"images/souvenirs/clientes-tienda-souvenirs-apaneca.jpg","Clientes Tienda Souvenirs Apaneca","Clientes Tienda Souvenirs Apaneca para Ratatouille Xtreme Tours.","Clientes Tienda Souvenirs Apaneca en Apaneca, El Salvador.","Fotografia optimizada de Clientes Tienda Souvenirs Apaneca, organizada como souvenirs para uso SEO."
"images/souvenirs/visitantes-tienda-souvenirs-apaneca.jpg","Visitantes Tienda Souvenirs Apaneca","Visitantes Tienda Souvenirs Apaneca para Ratatouille Xtreme Tours.","Visitantes Tienda Souvenirs Apaneca en Apaneca, El Salvador.","Fotografia optimizada de Visitantes Tienda Souvenirs Apaneca, organizada como souvenirs para uso SEO."
"images/souvenirs/clientas-souvenirs-artesanias-apaneca.jpg","Clientas Souvenirs Artesanias Apaneca","Clientas Souvenirs Artesanias Apaneca para Ratatouille Xtreme Tours.","Clientas Souvenirs Artesanias Apaneca en Apaneca, El Salvador.","Fotografia optimizada de Clientas Souvenirs Artesanias Apaneca, organizada como souvenirs para uso SEO."
"images/laguna-verde/familia-con-mascota-utv-laguna-verde.jpg","Familia Con Mascota UTV Laguna Verde","Familia Con Mascota UTV Laguna Verde para Ratatouille Xtreme Tours.","Familia Con Mascota UTV Laguna Verde en Apaneca, El Salvador.","Fotografia optimizada de Familia Con Mascota UTV Laguna Verde, organizada como Laguna Verde para uso SEO."
"images/nature/sendero-off-road-bosque-apaneca.jpg","Sendero Off Road Bosque Apaneca","Sendero Off Road Bosque Apaneca para Ratatouille Xtreme Tours.","Sendero Off Road Bosque Apaneca en Apaneca, El Salvador.","Fotografia optimizada de Sendero Off Road Bosque Apaneca, organizada como naturaleza y paisaje para uso SEO."
"images/caballos/caballo-bosque-naturaleza-apaneca.jpg","Caballo Bosque Naturaleza Apaneca","Caballo Bosque Naturaleza Apaneca para Ratatouille Xtreme Tours.","Caballo Bosque Naturaleza Apaneca en Apaneca, El Salvador.","Fotografia optimizada de Caballo Bosque Naturaleza Apaneca, organizada como caballos para uso SEO."
"images/vivero/plantas-papayo-ombrilogo-vivero.jpg","Plantas Papayo Ombrilogo Vivero","Plantas Papayo Ombrilogo Vivero para Ratatouille Xtreme Tours.","Plantas Papayo Ombrilogo Vivero en Apaneca, El Salvador.","Fotografia optimizada de Plantas Papayo Ombrilogo Vivero, organizada como vivero y cafetal para uso SEO."
"images/cuatrimotos/caravana-cuatrimotos-ruta-de-las-flores.jpg","Caravana Cuatrimotos Ruta De Las Flores","Caravana Cuatrimotos Ruta De Las Flores para Ratatouille Xtreme Tours.","Caravana Cuatrimotos Ruta De Las Flores en Apaneca, El Salvador.","Fotografia optimizada de Caravana Cuatrimotos Ruta De Las Flores, organizada como cuatrimotos y ATV para uso SEO."
"images/laguna-verde/grupo-utv-laguna-verde-bosque.jpg","Grupo UTV Laguna Verde Bosque","Grupo UTV Laguna Verde Bosque para Ratatouille Xtreme Tours.","Grupo UTV Laguna Verde Bosque en Apaneca, El Salvador.","Fotografia optimizada de Grupo UTV Laguna Verde Bosque, organizada como Laguna Verde para uso SEO."
"images/laguna-verde/family-tour-utv-laguna-verde.jpg","Family Tour UTV Laguna Verde","Family Tour UTV Laguna Verde para Ratatouille Xtreme Tours.","Family Tour UTV Laguna Verde en Apaneca, El Salvador.","Fotografia optimizada de Family Tour UTV Laguna Verde, organizada como Laguna Verde para uso SEO."
"images/laguna-verde/cliente-buggy-laguna-verde.jpg","Cliente Buggy Laguna Verde","Cliente Buggy Laguna Verde para Ratatouille Xtreme Tours.","Cliente Buggy Laguna Verde en Apaneca, El Salvador.","Fotografia optimizada de Cliente Buggy Laguna Verde, organizada como Laguna Verde para uso SEO."
"images/laguna-verde/family-tour-buggy-laguna-verde.jpg","Family Tour Buggy Laguna Verde","Family Tour Buggy Laguna Verde para Ratatouille Xtreme Tours.","Family Tour Buggy Laguna Verde en Apaneca, El Salvador.","Fotografia optimizada de Family Tour Buggy Laguna Verde, organizada como Laguna Verde para uso SEO."
"images/laguna-verde/retrato-familiar-buggy-laguna-verde.jpg","Retrato Familiar Buggy Laguna Verde","Retrato Familiar Buggy Laguna Verde para Ratatouille Xtreme Tours.","Retrato Familiar Buggy Laguna Verde en Apaneca, El Salvador.","Fotografia optimizada de Retrato Familiar Buggy Laguna Verde, organizada como Laguna Verde para uso SEO."
"images/laguna-verde/amigas-utv-laguna-verde-apaneca.jpg","Amigas UTV Laguna Verde Apaneca","Amigas UTV Laguna Verde Apaneca para Ratatouille Xtreme Tours.","Amigas UTV Laguna Verde Apaneca en Apaneca, El Salvador.","Fotografia optimizada de Amigas UTV Laguna Verde Apaneca, organizada como Laguna Verde para uso SEO."
"images/cuatrimotos/atv-bosque-off-road-apaneca.jpg","ATV Bosque Off Road Apaneca","ATV Bosque Off Road Apaneca para Ratatouille Xtreme Tours.","ATV Bosque Off Road Apaneca en Apaneca, El Salvador.","Fotografia optimizada de ATV Bosque Off Road Apaneca, organizada como cuatrimotos y ATV para uso SEO."
"images/cuatrimotos/cuatrimotos-ratatouille-centro-apaneca-2.jpg","Cuatrimotos Ratatouille Centro Apaneca 2","Cuatrimotos Ratatouille Centro Apaneca 2 para Ratatouille Xtreme Tours.","Cuatrimotos Ratatouille Centro Apaneca 2 en Apaneca, El Salvador.","Fotografia optimizada de Cuatrimotos Ratatouille Centro Apaneca 2, organizada como cuatrimotos y ATV para uso SEO."
"images/cuatrimotos/pareja-atv-centro-apaneca.jpg","Pareja ATV Centro Apaneca","Pareja ATV Centro Apaneca para Ratatouille Xtreme Tours.","Pareja ATV Centro Apaneca en Apaneca, El Salvador.","Fotografia optimizada de Pareja ATV Centro Apaneca, organizada como cuatrimotos y ATV para uso SEO."
"images/buggies/pareja-buggy-centro-apaneca.jpg","Pareja Buggy Centro Apaneca","Pareja Buggy Centro Apaneca para Ratatouille Xtreme Tours.","Pareja Buggy Centro Apaneca en Apaneca, El Salvador.","Fotografia optimizada de Pareja Buggy Centro Apaneca, organizada como buggy y UTV para uso SEO."
"images/buggies/pareja-buggy-centro-apaneca-2.jpg","Pareja Buggy Centro Apaneca 2","Pareja Buggy Centro Apaneca 2 para Ratatouille Xtreme Tours.","Pareja Buggy Centro Apaneca 2 en Apaneca, El Salvador.","Fotografia optimizada de Pareja Buggy Centro Apaneca 2, organizada como buggy y UTV para uso SEO."
"images/buggies/buggy-rojo-clientes-centro-apaneca.jpg","Buggy Rojo Clientes Centro Apaneca","Buggy Rojo Clientes Centro Apaneca para Ratatouille Xtreme Tours.","Buggy Rojo Clientes Centro Apaneca en Apaneca, El Salvador.","Fotografia optimizada de Buggy Rojo Clientes Centro Apaneca, organizada como buggy y UTV para uso SEO."
"images/buggies/jovenes-buggy-rojo-centro-apaneca.jpg","Jovenes Buggy Rojo Centro Apaneca","Jovenes Buggy Rojo Centro Apaneca para Ratatouille Xtreme Tours.","Jovenes Buggy Rojo Centro Apaneca en Apaneca, El Salvador.","Fotografia optimizada de Jovenes Buggy Rojo Centro Apaneca, organizada como buggy y UTV para uso SEO."
"images/caballos/caballo-bosque-naturaleza-apaneca-2.jpg","Caballo Bosque Naturaleza Apaneca 2","Caballo Bosque Naturaleza Apaneca 2 para Ratatouille Xtreme Tours.","Caballo Bosque Naturaleza Apaneca 2 en Apaneca, El Salvador.","Fotografia optimizada de Caballo Bosque Naturaleza Apaneca 2, organizada como caballos para uso SEO."
"images/nature/arboles-y-naturaleza-apaneca.jpg","Arboles Y Naturaleza Apaneca","Arboles Y Naturaleza Apaneca para Ratatouille Xtreme Tours.","Arboles Y Naturaleza Apaneca en Apaneca, El Salvador.","Fotografia optimizada de Arboles Y Naturaleza Apaneca, organizada como naturaleza y paisaje para uso SEO."
"images/vivero/plantas-papayo-ombrilogo-vivero-2.jpg","Plantas Papayo Ombrilogo Vivero 2","Plantas Papayo Ombrilogo Vivero 2 para Ratatouille Xtreme Tours.","Plantas Papayo Ombrilogo Vivero 2 en Apaneca, El Salvador.","Fotografia optimizada de Plantas Papayo Ombrilogo Vivero 2, organizada como vivero y cafetal para uso SEO."
"images/vivero/vivero-cafetal-apaneca.jpg","Vivero Cafetal Apaneca","Vivero Cafetal Apaneca para Ratatouille Xtreme Tours.","Vivero Cafetal Apaneca en Apaneca, El Salvador.","Fotografia optimizada de Vivero Cafetal Apaneca, organizada como vivero y cafetal para uso SEO."
"images/vivero/sendero-vivero-cafetal-apaneca.jpg","Sendero Vivero Cafetal Apaneca","Sendero Vivero Cafetal Apaneca para Ratatouille Xtreme Tours.","Sendero Vivero Cafetal Apaneca en Apaneca, El Salvador.","Fotografia optimizada de Sendero Vivero Cafetal Apaneca, organizada como vivero y cafetal para uso SEO."
"images/vivero/plantas-cafe-vivero-apaneca.jpg","Plantas Cafe Vivero Apaneca","Plantas Cafe Vivero Apaneca para Ratatouille Xtreme Tours.","Plantas Cafe Vivero Apaneca en Apaneca, El Salvador.","Fotografia optimizada de Plantas Cafe Vivero Apaneca, organizada como vivero y cafetal para uso SEO."
"images/vivero/hojas-cafe-vivero-apaneca.jpg","Hojas Cafe Vivero Apaneca","Hojas Cafe Vivero Apaneca para Ratatouille Xtreme Tours.","Hojas Cafe Vivero Apaneca en Apaneca, El Salvador.","Fotografia optimizada de Hojas Cafe Vivero Apaneca, organizada como vivero y cafetal para uso SEO."
"images/laguna-verde/atv-laguna-verde-naturaleza.jpg","ATV Laguna Verde Naturaleza","ATV Laguna Verde Naturaleza para Ratatouille Xtreme Tours.","ATV Laguna Verde Naturaleza en Apaneca, El Salvador.","Fotografia optimizada de ATV Laguna Verde Naturaleza, organizada como Laguna Verde para uso SEO."
"images/buggies/jovenes-buggy-rojo-centro-apaneca-2.jpg","Jovenes Buggy Rojo Centro Apaneca 2","Jovenes Buggy Rojo Centro Apaneca 2 para Ratatouille Xtreme Tours.","Jovenes Buggy Rojo Centro Apaneca 2 en Apaneca, El Salvador.","Fotografia optimizada de Jovenes Buggy Rojo Centro Apaneca 2, organizada como buggy y UTV para uso SEO."
"images/buggies/pareja-buggy-centro-apaneca-3.jpg","Pareja Buggy Centro Apaneca 3","Pareja Buggy Centro Apaneca 3 para Ratatouille Xtreme Tours.","Pareja Buggy Centro Apaneca 3 en Apaneca, El Salvador.","Fotografia optimizada de Pareja Buggy Centro Apaneca 3, organizada como buggy y UTV para uso SEO."
"images/souvenirs/cliente-comprando-souvenirs-apaneca.jpg","Cliente Comprando Souvenirs Apaneca","Cliente Comprando Souvenirs Apaneca para Ratatouille Xtreme Tours.","Cliente Comprando Souvenirs Apaneca en Apaneca, El Salvador.","Fotografia optimizada de Cliente Comprando Souvenirs Apaneca, organizada como souvenirs para uso SEO."
"images/artesanias/miniaturas-casas-artesanias-apaneca.jpg","Miniaturas Casas Artesanias Apaneca","Miniaturas Casas Artesanias Apaneca para Ratatouille Xtreme Tours.","Miniaturas Casas Artesanias Apaneca en Apaneca, El Salvador.","Fotografia optimizada de Miniaturas Casas Artesanias Apaneca, organizada como artesanias para uso SEO."
"images/artesanias/bolsos-artesanales-souvenirs-apaneca.jpg","Bolsos Artesanales Souvenirs Apaneca","Bolsos Artesanales Souvenirs Apaneca para Ratatouille Xtreme Tours.","Bolsos Artesanales Souvenirs Apaneca en Apaneca, El Salvador.","Fotografia optimizada de Bolsos Artesanales Souvenirs Apaneca, organizada como artesanias para uso SEO."
"images/artesanias/frutas-decorativas-artesanias-el-salvador.jpg","Frutas Decorativas Artesanias El Salvador","Frutas Decorativas Artesanias El Salvador para Ratatouille Xtreme Tours.","Frutas Decorativas Artesanias El Salvador en Apaneca, El Salvador.","Fotografia optimizada de Frutas Decorativas Artesanias El Salvador, organizada como artesanias para uso SEO."
"images/souvenirs/termo-pochacco-souvenir-tienda.jpg","Termo Pochacco Souvenir Tienda","Termo Pochacco Souvenir Tienda para Ratatouille Xtreme Tours.","Termo Pochacco Souvenir Tienda en Apaneca, El Salvador.","Fotografia optimizada de Termo Pochacco Souvenir Tienda, organizada como souvenirs para uso SEO."
"images/souvenirs/termo-minnie-mouse-souvenir-tienda.jpg","Termo Minnie Mouse Souvenir Tienda","Termo Minnie Mouse Souvenir Tienda para Ratatouille Xtreme Tours.","Termo Minnie Mouse Souvenir Tienda en Apaneca, El Salvador.","Fotografia optimizada de Termo Minnie Mouse Souvenir Tienda, organizada como souvenirs para uso SEO."
"images/souvenirs/posavasos-el-salvador-souvenirs.jpg","Posavasos El Salvador Souvenirs","Posavasos El Salvador Souvenirs para Ratatouille Xtreme Tours.","Posavasos El Salvador Souvenirs en Apaneca, El Salvador.","Fotografia optimizada de Posavasos El Salvador Souvenirs, organizada como souvenirs para uso SEO."
"images/artesanias/billetera-textil-artesanal-el-salvador.jpg","Billetera Textil Artesanal El Salvador","Billetera Textil Artesanal El Salvador para Ratatouille Xtreme Tours.","Billetera Textil Artesanal El Salvador en Apaneca, El Salvador.","Fotografia optimizada de Billetera Textil Artesanal El Salvador, organizada como artesanias para uso SEO."
"images/souvenirs/tazas-el-salvador-souvenirs.jpg","Tazas El Salvador Souvenirs","Tazas El Salvador Souvenirs para Ratatouille Xtreme Tours.","Tazas El Salvador Souvenirs en Apaneca, El Salvador.","Fotografia optimizada de Tazas El Salvador Souvenirs, organizada como souvenirs para uso SEO."
"images/artesanias/frutas-decorativas-souvenir-tienda.jpg","Frutas Decorativas Souvenir Tienda","Frutas Decorativas Souvenir Tienda para Ratatouille Xtreme Tours.","Frutas Decorativas Souvenir Tienda en Apaneca, El Salvador.","Fotografia optimizada de Frutas Decorativas Souvenir Tienda, organizada como artesanias para uso SEO."
"images/artesanias/tazas-madera-artesanales-tienda.jpg","Tazas Madera Artesanales Tienda","Tazas Madera Artesanales Tienda para Ratatouille Xtreme Tours.","Tazas Madera Artesanales Tienda en Apaneca, El Salvador.","Fotografia optimizada de Tazas Madera Artesanales Tienda, organizada como artesanias para uso SEO."
"images/souvenirs/termo-el-salvador-souvenir.jpg","Termo El Salvador Souvenir","Termo El Salvador Souvenir para Ratatouille Xtreme Tours.","Termo El Salvador Souvenir en Apaneca, El Salvador.","Fotografia optimizada de Termo El Salvador Souvenir, organizada como souvenirs para uso SEO."
"images/clientes/cliente-comprando-termo-souvenir.jpg","Cliente Comprando Termo Souvenir","Cliente Comprando Termo Souvenir para Ratatouille Xtreme Tours.","Cliente Comprando Termo Souvenir en Apaneca, El Salvador.","Fotografia optimizada de Cliente Comprando Termo Souvenir, organizada como clientes y experiencias para uso SEO."
"images/ratatouille-cafe/logo-ratatouille-cafe-restaurante.jpg","Logo Ratatouille Cafe Restaurante","Logo Ratatouille Cafe Restaurante para Ratatouille Xtreme Tours.","Logo Ratatouille Cafe Restaurante en Apaneca, El Salvador.","Fotografia optimizada de Logo Ratatouille Cafe Restaurante, organizada como Ratatouille Cafe para uso SEO."
"images/ratatouille-cafe/entrada-ratatouille-atardecer-apaneca.jpg","Entrada Ratatouille Atardecer Apaneca","Entrada Ratatouille Atardecer Apaneca para Ratatouille Xtreme Tours.","Entrada Ratatouille Atardecer Apaneca en Apaneca, El Salvador.","Fotografia optimizada de Entrada Ratatouille Atardecer Apaneca, organizada como Ratatouille Cafe para uso SEO."
"images/ratatouille-cafe/patio-nocturno-ratatouille-cafe.jpg","Patio Nocturno Ratatouille Cafe","Patio Nocturno Ratatouille Cafe para Ratatouille Xtreme Tours.","Patio Nocturno Ratatouille Cafe en Apaneca, El Salvador.","Fotografia optimizada de Patio Nocturno Ratatouille Cafe, organizada como Ratatouille Cafe para uso SEO."
"images/ratatouille-cafe/restaurante-ratatouille-noche-clientes.jpg","Restaurante Ratatouille Noche Clientes","Restaurante Ratatouille Noche Clientes para Ratatouille Xtreme Tours.","Restaurante Ratatouille Noche Clientes en Apaneca, El Salvador.","Fotografia optimizada de Restaurante Ratatouille Noche Clientes, organizada como Ratatouille Cafe para uso SEO."
"images/ratatouille-cafe/patio-ratatouille-cafe-nocturno.jpg","Patio Ratatouille Cafe Nocturno","Patio Ratatouille Cafe Nocturno para Ratatouille Xtreme Tours.","Patio Ratatouille Cafe Nocturno en Apaneca, El Salvador.","Fotografia optimizada de Patio Ratatouille Cafe Nocturno, organizada como Ratatouille Cafe para uso SEO."
"images/ratatouille-cafe/fachada-tours-en-buggies-ratatouille.jpg","Fachada Tours En Buggies Ratatouille","Fachada Tours En Buggies Ratatouille para Ratatouille Xtreme Tours.","Fachada Tours En Buggies Ratatouille en Apaneca, El Salvador.","Fotografia optimizada de Fachada Tours En Buggies Ratatouille, organizada como Ratatouille Cafe para uso SEO."
"images/ratatouille-cafe/fachada-nocturna-ratatouille-cafe.jpg","Fachada Nocturna Ratatouille Cafe","Fachada Nocturna Ratatouille Cafe para Ratatouille Xtreme Tours.","Fachada Nocturna Ratatouille Cafe en Apaneca, El Salvador.","Fotografia optimizada de Fachada Nocturna Ratatouille Cafe, organizada como Ratatouille Cafe para uso SEO."
"images/ratatouille-cafe/cena-patio-ratatouille-cafe.jpg","Cena Patio Ratatouille Cafe","Cena Patio Ratatouille Cafe para Ratatouille Xtreme Tours.","Cena Patio Ratatouille Cafe en Apaneca, El Salvador.","Fotografia optimizada de Cena Patio Ratatouille Cafe, organizada como Ratatouille Cafe para uso SEO."
"images/ratatouille-cafe/clientes-restaurante-ratatouille-cafe.jpg","Clientes Restaurante Ratatouille Cafe","Clientes Restaurante Ratatouille Cafe para Ratatouille Xtreme Tours.","Clientes Restaurante Ratatouille Cafe en Apaneca, El Salvador.","Fotografia optimizada de Clientes Restaurante Ratatouille Cafe, organizada como Ratatouille Cafe para uso SEO."
"images/ratatouille-cafe/letrero-neon-apaneca-cafe-ratatouille.jpg","Letrero Neon Apaneca Cafe Ratatouille","Letrero Neon Apaneca Cafe Ratatouille para Ratatouille Xtreme Tours.","Letrero Neon Apaneca Cafe Ratatouille en Apaneca, El Salvador.","Fotografia optimizada de Letrero Neon Apaneca Cafe Ratatouille, organizada como Ratatouille Cafe para uso SEO."
"images/ratatouille-cafe/cafe-ratatouille-patio-apaneca.jpg","Cafe Ratatouille Patio Apaneca","Cafe Ratatouille Patio Apaneca para Ratatouille Xtreme Tours.","Cafe Ratatouille Patio Apaneca en Apaneca, El Salvador.","Fotografia optimizada de Cafe Ratatouille Patio Apaneca, organizada como Ratatouille Cafe para uso SEO."
"images/ratatouille-cafe/cafe-en-mesa-ratatouille.jpg","Cafe En Mesa Ratatouille","Cafe En Mesa Ratatouille para Ratatouille Xtreme Tours.","Cafe En Mesa Ratatouille en Apaneca, El Salvador.","Fotografia optimizada de Cafe En Mesa Ratatouille, organizada como Ratatouille Cafe para uso SEO."
"images/ratatouille-cafe/taza-cafe-ratatouille-patio.jpg","Taza Cafe Ratatouille Patio","Taza Cafe Ratatouille Patio para Ratatouille Xtreme Tours.","Taza Cafe Ratatouille Patio en Apaneca, El Salvador.","Fotografia optimizada de Taza Cafe Ratatouille Patio, organizada como Ratatouille Cafe para uso SEO."
"images/ratatouille-cafe/pupusas-ratatouille-cafe.jpg","Pupusas Ratatouille Cafe","Pupusas Ratatouille Cafe para Ratatouille Xtreme Tours.","Pupusas Ratatouille Cafe en Apaneca, El Salvador.","Fotografia optimizada de Pupusas Ratatouille Cafe, organizada como Ratatouille Cafe para uso SEO."
"images/clientes/cliente-con-pizza-ratatouille-cafe.jpg","Cliente Con Pizza Ratatouille Cafe","Cliente Con Pizza Ratatouille Cafe para Ratatouille Xtreme Tours.","Cliente Con Pizza Ratatouille Cafe en Apaneca, El Salvador.","Fotografia optimizada de Cliente Con Pizza Ratatouille Cafe, organizada como clientes y experiencias para uso SEO."
"images/ratatouille-cafe/nachos-ratatouille-cafe.jpg","Nachos Ratatouille Cafe","Nachos Ratatouille Cafe para Ratatouille Xtreme Tours.","Nachos Ratatouille Cafe en Apaneca, El Salvador.","Fotografia optimizada de Nachos Ratatouille Cafe, organizada como Ratatouille Cafe para uso SEO."
"images/ratatouille-cafe/nachos-con-frijoles-ratatouille.jpg","Nachos Con Frijoles Ratatouille","Nachos Con Frijoles Ratatouille para Ratatouille Xtreme Tours.","Nachos Con Frijoles Ratatouille en Apaneca, El Salvador.","Fotografia optimizada de Nachos Con Frijoles Ratatouille, organizada como Ratatouille Cafe para uso SEO."
"images/ratatouille-cafe/alitas-papas-ratatouille-cafe.jpg","Alitas Papas Ratatouille Cafe","Alitas Papas Ratatouille Cafe para Ratatouille Xtreme Tours.","Alitas Papas Ratatouille Cafe en Apaneca, El Salvador.","Fotografia optimizada de Alitas Papas Ratatouille Cafe, organizada como Ratatouille Cafe para uso SEO."
"images/clientes/cliente-tomando-cafe-ratatouille.jpg","Cliente Tomando Cafe Ratatouille","Cliente Tomando Cafe Ratatouille para Ratatouille Xtreme Tours.","Cliente Tomando Cafe Ratatouille en Apaneca, El Salvador.","Fotografia optimizada de Cliente Tomando Cafe Ratatouille, organizada como clientes y experiencias para uso SEO."
"images/vivero/vivero-cafetal-apaneca-2.jpg","Vivero Cafetal Apaneca 2","Vivero Cafetal Apaneca 2 para Ratatouille Xtreme Tours.","Vivero Cafetal Apaneca 2 en Apaneca, El Salvador.","Fotografia optimizada de Vivero Cafetal Apaneca 2, organizada como vivero y cafetal para uso SEO."
"images/caballos/caballo-bosque-naturaleza-apaneca-3.jpg","Caballo Bosque Naturaleza Apaneca 3","Caballo Bosque Naturaleza Apaneca 3 para Ratatouille Xtreme Tours.","Caballo Bosque Naturaleza Apaneca 3 en Apaneca, El Salvador.","Fotografia optimizada de Caballo Bosque Naturaleza Apaneca 3, organizada como caballos para uso SEO."
"images/nature/arboles-y-naturaleza-apaneca-2.jpg","Arboles Y Naturaleza Apaneca 2","Arboles Y Naturaleza Apaneca 2 para Ratatouille Xtreme Tours.","Arboles Y Naturaleza Apaneca 2 en Apaneca, El Salvador.","Fotografia optimizada de Arboles Y Naturaleza Apaneca 2, organizada como naturaleza y paisaje para uso SEO."
"images/vivero/plantas-papayo-ombrilogo-vivero-3.jpg","Plantas Papayo Ombrilogo Vivero 3","Plantas Papayo Ombrilogo Vivero 3 para Ratatouille Xtreme Tours.","Plantas Papayo Ombrilogo Vivero 3 en Apaneca, El Salvador.","Fotografia optimizada de Plantas Papayo Ombrilogo Vivero 3, organizada como vivero y cafetal para uso SEO."
"images/vivero/sendero-vivero-cafetal-apaneca-2.jpg","Sendero Vivero Cafetal Apaneca 2","Sendero Vivero Cafetal Apaneca 2 para Ratatouille Xtreme Tours.","Sendero Vivero Cafetal Apaneca 2 en Apaneca, El Salvador.","Fotografia optimizada de Sendero Vivero Cafetal Apaneca 2, organizada como vivero y cafetal para uso SEO."
"images/vivero/plantas-cafe-vivero-apaneca-2.jpg","Plantas Cafe Vivero Apaneca 2","Plantas Cafe Vivero Apaneca 2 para Ratatouille Xtreme Tours.","Plantas Cafe Vivero Apaneca 2 en Apaneca, El Salvador.","Fotografia optimizada de Plantas Cafe Vivero Apaneca 2, organizada como vivero y cafetal para uso SEO."
"images/vivero/hojas-cafe-vivero-apaneca-2.jpg","Hojas Cafe Vivero Apaneca 2","Hojas Cafe Vivero Apaneca 2 para Ratatouille Xtreme Tours.","Hojas Cafe Vivero Apaneca 2 en Apaneca, El Salvador.","Fotografia optimizada de Hojas Cafe Vivero Apaneca 2, organizada como vivero y cafetal para uso SEO."
"images/laguna-verde/grupo-familiar-buggies-laguna-verde.jpg","Grupo Familiar Buggies Laguna Verde","Grupo Familiar Buggies Laguna Verde para Ratatouille Xtreme Tours.","Grupo Familiar Buggies Laguna Verde en Apaneca, El Salvador.","Fotografia optimizada de Grupo Familiar Buggies Laguna Verde, organizada como Laguna Verde para uso SEO."
"images/laguna-verde/amigos-buggy-rojo-laguna-verde.jpg","Amigos Buggy Rojo Laguna Verde","Amigos Buggy Rojo Laguna Verde para Ratatouille Xtreme Tours.","Amigos Buggy Rojo Laguna Verde en Apaneca, El Salvador.","Fotografia optimizada de Amigos Buggy Rojo Laguna Verde, organizada como Laguna Verde para uso SEO."
"images/laguna-verde/amigas-buggy-laguna-verde.jpg","Amigas Buggy Laguna Verde","Amigas Buggy Laguna Verde para Ratatouille Xtreme Tours.","Amigas Buggy Laguna Verde en Apaneca, El Salvador.","Fotografia optimizada de Amigas Buggy Laguna Verde, organizada como Laguna Verde para uso SEO."
"images/buggies/pareja-buggy-rojo-centro-apaneca.jpg","Pareja Buggy Rojo Centro Apaneca","Pareja Buggy Rojo Centro Apaneca para Ratatouille Xtreme Tours.","Pareja Buggy Rojo Centro Apaneca en Apaneca, El Salvador.","Fotografia optimizada de Pareja Buggy Rojo Centro Apaneca, organizada como buggy y UTV para uso SEO."
"images/buggies/pareja-buggy-rojo-centro-apaneca-2.jpg","Pareja Buggy Rojo Centro Apaneca 2","Pareja Buggy Rojo Centro Apaneca 2 para Ratatouille Xtreme Tours.","Pareja Buggy Rojo Centro Apaneca 2 en Apaneca, El Salvador.","Fotografia optimizada de Pareja Buggy Rojo Centro Apaneca 2, organizada como buggy y UTV para uso SEO."
"images/clientes/clientas-buggy-blanco-centro-apaneca.jpg","Clientas Buggy Blanco Centro Apaneca","Clientas Buggy Blanco Centro Apaneca para Ratatouille Xtreme Tours.","Clientas Buggy Blanco Centro Apaneca en Apaneca, El Salvador.","Fotografia optimizada de Clientas Buggy Blanco Centro Apaneca, organizada como clientes y experiencias para uso SEO."
"images/buggies/pareja-rzr-goggles-centro-apaneca.jpg","Pareja RZR Goggles Centro Apaneca","Pareja RZR Goggles Centro Apaneca para Ratatouille Xtreme Tours.","Pareja RZR Goggles Centro Apaneca en Apaneca, El Salvador.","Fotografia optimizada de Pareja RZR Goggles Centro Apaneca, organizada como buggy y UTV para uso SEO."
"images/ratatouille-cafe/entrada-ratatouille-atardecer-apaneca-2.jpg","Entrada Ratatouille Atardecer Apaneca 2","Entrada Ratatouille Atardecer Apaneca 2 para Ratatouille Xtreme Tours.","Entrada Ratatouille Atardecer Apaneca 2 en Apaneca, El Salvador.","Fotografia optimizada de Entrada Ratatouille Atardecer Apaneca 2, organizada como Ratatouille Cafe para uso SEO."
